"ccode","wdi_nm","year"
700,"Afghanistan",2007
339,"Albania",2007
615,"Algeria",2007
232,"Andorra",2007
540,"Angola",2007
58,"Antigua & Barbuda",2007
160,"Argentina",2007
371,"Armenia",2007
900,"Australia",2007
305,"Austria",2007
373,"Azerbaijan",2007
31,"Bahamas",2007
692,"Bahrain",2007
771,"Bangladesh",2007
53,"Barbados",2007
370,"Belarus",2007
211,"Belgium",2007
80,"Belize",2007
434,"Benin",2007
760,"Bhutan",2007
145,"Bolivia",2007
346,"Bosnia-Herzegovina",2007
571,"Botswana",2007
140,"Brazil",2007
835,"Brunei",2007
355,"Bulgaria",2007
439,"Burkina Faso",2007
516,"Burundi",2007
811,"Cambodia",2007
471,"Cameroon",2007
20,"Canada",2007
402,"Cape Verde",2007
482,"Central African Rep.",2007
483,"Chad",2007
155,"Chile",2007
710,"China",2007
100,"Colombia",2007
581,"Comoros",2007
490,"Congo, Dem. Rep.",2007
484,"Congo, Rep.",2007
94,"Costa Rica",2007
437,"Cote D'Ivoire",2007
344,"Croatia",2007
40,"Cuba",2007
352,"Cyprus",2007
316,"Czech Republic",2007
390,"Denmark",2007
522,"Djibouti",2007
54,"Dominica",2007
42,"Dominican Republic",2007
130,"Ecuador",2007
651,"Egypt",2007
92,"El Salvador",2007
411,"Equatorial Guinea",2007
531,"Eritrea",2007
366,"Estonia",2007
530,"Ethiopia",2007
950,"Fiji",2007
375,"Finland",2007
220,"France",2007
481,"Gabon",2007
420,"Gambia",2007
372,"Georgia",2007
255,"Germany",2007
452,"Ghana",2007
350,"Greece",2007
55,"Grenada",2007
90,"Guatemala",2007
438,"Guinea",2007
404,"Guinea-Bissau",2007
110,"Guyana",2007
41,"Haiti",2007
91,"Honduras",2007
310,"Hungary",2007
395,"Iceland",2007
750,"India",2007
850,"Indonesia",2007
630,"Iran",2007
645,"Iraq",2007
205,"Ireland",2007
666,"Israel",2007
325,"Italy",2007
51,"Jamaica",2007
740,"Japan",2007
663,"Jordan",2007
705,"Kazakhstan",2007
501,"Kenya",2007
946,"Kiribati",2007
732,"Korea",2007
731,"Korea, Dem. Rep.",2007
690,"Kuwait",2007
703,"Kyrgyz Republic",2007
812,"Laos",2007
367,"Latvia",2007
660,"Lebanon",2007
570,"Lesotho",2007
450,"Liberia",2007
620,"Libya",2007
223,"Liechtenstein",2007
368,"Lithuania",2007
212,"Luxembourg",2007
343,"Macedonia, FYR",2007
580,"Madagascar",2007
553,"Malawi",2007
820,"Malaysia",2007
781,"Maldives",2007
432,"Mali",2007
338,"Malta",2007
983,"Marshall Islands",2007
435,"Mauritania",2007
590,"Mauritius",2007
70,"Mexico",2007
987,"Micronesia, Federated States of",2007
359,"Moldova",2007
221,"Monaco",2007
712,"Mongolia",2007
600,"Morocco",2007
541,"Mozambique",2007
775,"Myanmar",2007
565,"Namibia",2007
790,"Nepal",2007
210,"Netherlands",2007
920,"New Zealand",2007
93,"Nicaragua",2007
436,"Niger",2007
475,"Nigeria",2007
385,"Norway",2007
698,"Oman",2007
770,"Pakistan",2007
986,"Palau",2007
95,"Panama",2007
910,"Papua New Guinea",2007
150,"Paraguay",2007
135,"Peru",2007
840,"Philippines",2007
290,"Poland",2007
235,"Portugal",2007
694,"Qatar",2007
360,"Romania",2007
365,"Russia",2007
517,"Rwanda",2007
990,"Samoa",2007
331,"San Marino",2007
403,"Sao Tome & Principe",2007
670,"Saudi Arabia",2007
433,"Senegal",2007
345,"Serbia",2007
591,"Seychelles",2007
451,"Sierra Leone",2007
830,"Singapore",2007
317,"Slovak Republic",2007
349,"Slovenia",2007
940,"Solomon Islands",2007
520,"Somalia",2007
560,"South Africa",2007
230,"Spain",2007
780,"Sri Lanka",2007
60,"St. Kitts & Nevis",2007
56,"St. Lucia",2007
57,"St.Vincent & Grenadines",2007
625,"Sudan",2007
115,"Suriname",2007
572,"Swaziland",2007
380,"Sweden",2007
225,"Switzerland",2007
652,"Syria",2007
713,"Taiwan",2007
702,"Tajikistan",2007
510,"Tanzania",2007
800,"Thailand",2007
461,"Togo",2007
955,"Tonga",2007
52,"Trinidad & Tobago",2007
616,"Tunisia",2007
640,"Turkey",2007
701,"Turkmenistan",2007
500,"Uganda",2007
369,"Ukraine",2007
696,"United Arab Emirates",2007
200,"United Kingdom",2007
2,"United States",2007
165,"Uruguay",2007
704,"Uzbekistan",2007
935,"Vanuatu",2007
101,"Venezuela",2007
816,"Viet Nam",2007
679,"Yemen",2007
551,"Zambia",2007
552,"Zimbabwe",2007
700,"Afghanistan",2008
339,"Albania",2008
615,"Algeria",2008
232,"Andorra",2008
540,"Angola",2008
58,"Antigua & Barbuda",2008
160,"Argentina",2008
371,"Armenia",2008
900,"Australia",2008
305,"Austria",2008
373,"Azerbaijan",2008
31,"Bahamas",2008
692,"Bahrain",2008
771,"Bangladesh",2008
53,"Barbados",2008
370,"Belarus",2008
211,"Belgium",2008
80,"Belize",2008
434,"Benin",2008
760,"Bhutan",2008
145,"Bolivia",2008
346,"Bosnia-Herzegovina",2008
571,"Botswana",2008
140,"Brazil",2008
835,"Brunei",2008
355,"Bulgaria",2008
439,"Burkina Faso",2008
516,"Burundi",2008
811,"Cambodia",2008
471,"Cameroon",2008
20,"Canada",2008
402,"Cape Verde",2008
482,"Central African Rep.",2008
483,"Chad",2008
155,"Chile",2008
710,"China",2008
100,"Colombia",2008
581,"Comoros",2008
490,"Congo, Dem. Rep.",2008
484,"Congo, Rep.",2008
94,"Costa Rica",2008
437,"Cote D'Ivoire",2008
344,"Croatia",2008
40,"Cuba",2008
352,"Cyprus",2008
316,"Czech Republic",2008
390,"Denmark",2008
522,"Djibouti",2008
54,"Dominica",2008
42,"Dominican Republic",2008
130,"Ecuador",2008
651,"Egypt",2008
92,"El Salvador",2008
411,"Equatorial Guinea",2008
531,"Eritrea",2008
366,"Estonia",2008
530,"Ethiopia",2008
950,"Fiji",2008
375,"Finland",2008
220,"France",2008
481,"Gabon",2008
420,"Gambia",2008
372,"Georgia",2008
255,"Germany",2008
452,"Ghana",2008
350,"Greece",2008
55,"Grenada",2008
90,"Guatemala",2008
438,"Guinea",2008
404,"Guinea-Bissau",2008
110,"Guyana",2008
41,"Haiti",2008
91,"Honduras",2008
310,"Hungary",2008
395,"Iceland",2008
750,"India",2008
850,"Indonesia",2008
630,"Iran",2008
645,"Iraq",2008
205,"Ireland",2008
666,"Israel",2008
325,"Italy",2008
51,"Jamaica",2008
740,"Japan",2008
663,"Jordan",2008
705,"Kazakhstan",2008
501,"Kenya",2008
946,"Kiribati",2008
732,"Korea",2008
731,"Korea, Dem. Rep.",2008
690,"Kuwait",2008
703,"Kyrgyz Republic",2008
812,"Laos",2008
367,"Latvia",2008
660,"Lebanon",2008
570,"Lesotho",2008
450,"Liberia",2008
620,"Libya",2008
223,"Liechtenstein",2008
368,"Lithuania",2008
212,"Luxembourg",2008
343,"Macedonia, FYR",2008
580,"Madagascar",2008
553,"Malawi",2008
820,"Malaysia",2008
781,"Maldives",2008
432,"Mali",2008
338,"Malta",2008
983,"Marshall Islands",2008
435,"Mauritania",2008
590,"Mauritius",2008
70,"Mexico",2008
987,"Micronesia, Federated States of",2008
359,"Moldova",2008
221,"Monaco",2008
712,"Mongolia",2008
600,"Morocco",2008
541,"Mozambique",2008
775,"Myanmar",2008
565,"Namibia",2008
790,"Nepal",2008
210,"Netherlands",2008
920,"New Zealand",2008
93,"Nicaragua",2008
436,"Niger",2008
475,"Nigeria",2008
385,"Norway",2008
698,"Oman",2008
770,"Pakistan",2008
986,"Palau",2008
95,"Panama",2008
910,"Papua New Guinea",2008
150,"Paraguay",2008
135,"Peru",2008
840,"Philippines",2008
290,"Poland",2008
235,"Portugal",2008
694,"Qatar",2008
360,"Romania",2008
365,"Russia",2008
517,"Rwanda",2008
990,"Samoa",2008
331,"San Marino",2008
403,"Sao Tome & Principe",2008
670,"Saudi Arabia",2008
433,"Senegal",2008
345,"Serbia",2008
591,"Seychelles",2008
451,"Sierra Leone",2008
830,"Singapore",2008
317,"Slovak Republic",2008
349,"Slovenia",2008
940,"Solomon Islands",2008
520,"Somalia",2008
560,"South Africa",2008
230,"Spain",2008
780,"Sri Lanka",2008
60,"St. Kitts & Nevis",2008
56,"St. Lucia",2008
57,"St.Vincent & Grenadines",2008
625,"Sudan",2008
115,"Suriname",2008
572,"Swaziland",2008
380,"Sweden",2008
225,"Switzerland",2008
652,"Syria",2008
713,"Taiwan",2008
702,"Tajikistan",2008
510,"Tanzania",2008
800,"Thailand",2008
461,"Togo",2008
955,"Tonga",2008
52,"Trinidad & Tobago",2008
616,"Tunisia",2008
640,"Turkey",2008
701,"Turkmenistan",2008
500,"Uganda",2008
369,"Ukraine",2008
696,"United Arab Emirates",2008
200,"United Kingdom",2008
2,"United States",2008
165,"Uruguay",2008
704,"Uzbekistan",2008
935,"Vanuatu",2008
101,"Venezuela",2008
816,"Viet Nam",2008
679,"Yemen",2008
551,"Zambia",2008
552,"Zimbabwe",2008
700,"Afghanistan",2009
339,"Albania",2009
615,"Algeria",2009
232,"Andorra",2009
540,"Angola",2009
58,"Antigua & Barbuda",2009
160,"Argentina",2009
371,"Armenia",2009
900,"Australia",2009
305,"Austria",2009
373,"Azerbaijan",2009
31,"Bahamas",2009
692,"Bahrain",2009
771,"Bangladesh",2009
53,"Barbados",2009
370,"Belarus",2009
211,"Belgium",2009
80,"Belize",2009
434,"Benin",2009
760,"Bhutan",2009
145,"Bolivia",2009
346,"Bosnia-Herzegovina",2009
571,"Botswana",2009
140,"Brazil",2009
835,"Brunei",2009
355,"Bulgaria",2009
439,"Burkina Faso",2009
516,"Burundi",2009
811,"Cambodia",2009
471,"Cameroon",2009
20,"Canada",2009
402,"Cape Verde",2009
482,"Central African Rep.",2009
483,"Chad",2009
155,"Chile",2009
710,"China",2009
100,"Colombia",2009
581,"Comoros",2009
490,"Congo, Dem. Rep.",2009
484,"Congo, Rep.",2009
94,"Costa Rica",2009
437,"Cote D'Ivoire",2009
344,"Croatia",2009
40,"Cuba",2009
352,"Cyprus",2009
316,"Czech Republic",2009
390,"Denmark",2009
522,"Djibouti",2009
54,"Dominica",2009
42,"Dominican Republic",2009
130,"Ecuador",2009
651,"Egypt",2009
92,"El Salvador",2009
411,"Equatorial Guinea",2009
531,"Eritrea",2009
366,"Estonia",2009
530,"Ethiopia",2009
950,"Fiji",2009
375,"Finland",2009
220,"France",2009
481,"Gabon",2009
420,"Gambia",2009
372,"Georgia",2009
255,"Germany",2009
452,"Ghana",2009
350,"Greece",2009
55,"Grenada",2009
90,"Guatemala",2009
438,"Guinea",2009
404,"Guinea-Bissau",2009
110,"Guyana",2009
41,"Haiti",2009
91,"Honduras",2009
310,"Hungary",2009
395,"Iceland",2009
750,"India",2009
850,"Indonesia",2009
630,"Iran",2009
645,"Iraq",2009
205,"Ireland",2009
666,"Israel",2009
325,"Italy",2009
51,"Jamaica",2009
740,"Japan",2009
663,"Jordan",2009
705,"Kazakhstan",2009
501,"Kenya",2009
946,"Kiribati",2009
732,"Korea",2009
731,"Korea, Dem. Rep.",2009
690,"Kuwait",2009
703,"Kyrgyz Republic",2009
812,"Laos",2009
367,"Latvia",2009
660,"Lebanon",2009
570,"Lesotho",2009
450,"Liberia",2009
620,"Libya",2009
223,"Liechtenstein",2009
368,"Lithuania",2009
212,"Luxembourg",2009
343,"Macedonia, FYR",2009
580,"Madagascar",2009
553,"Malawi",2009
820,"Malaysia",2009
781,"Maldives",2009
432,"Mali",2009
338,"Malta",2009
983,"Marshall Islands",2009
435,"Mauritania",2009
590,"Mauritius",2009
70,"Mexico",2009
987,"Micronesia, Federated States of",2009
359,"Moldova",2009
221,"Monaco",2009
712,"Mongolia",2009
600,"Morocco",2009
541,"Mozambique",2009
775,"Myanmar",2009
565,"Namibia",2009
790,"Nepal",2009
210,"Netherlands",2009
920,"New Zealand",2009
93,"Nicaragua",2009
436,"Niger",2009
475,"Nigeria",2009
385,"Norway",2009
698,"Oman",2009
770,"Pakistan",2009
986,"Palau",2009
95,"Panama",2009
910,"Papua New Guinea",2009
150,"Paraguay",2009
135,"Peru",2009
840,"Philippines",2009
290,"Poland",2009
235,"Portugal",2009
694,"Qatar",2009
360,"Romania",2009
365,"Russia",2009
517,"Rwanda",2009
990,"Samoa",2009
331,"San Marino",2009
403,"Sao Tome & Principe",2009
670,"Saudi Arabia",2009
433,"Senegal",2009
345,"Serbia",2009
591,"Seychelles",2009
451,"Sierra Leone",2009
830,"Singapore",2009
317,"Slovak Republic",2009
349,"Slovenia",2009
940,"Solomon Islands",2009
520,"Somalia",2009
560,"South Africa",2009
230,"Spain",2009
780,"Sri Lanka",2009
60,"St. Kitts & Nevis",2009
56,"St. Lucia",2009
57,"St.Vincent & Grenadines",2009
625,"Sudan",2009
115,"Suriname",2009
572,"Swaziland",2009
380,"Sweden",2009
225,"Switzerland",2009
652,"Syria",2009
713,"Taiwan",2009
702,"Tajikistan",2009
510,"Tanzania",2009
800,"Thailand",2009
461,"Togo",2009
955,"Tonga",2009
52,"Trinidad & Tobago",2009
616,"Tunisia",2009
640,"Turkey",2009
701,"Turkmenistan",2009
500,"Uganda",2009
369,"Ukraine",2009
696,"United Arab Emirates",2009
200,"United Kingdom",2009
2,"United States",2009
165,"Uruguay",2009
704,"Uzbekistan",2009
935,"Vanuatu",2009
101,"Venezuela",2009
816,"Viet Nam",2009
679,"Yemen",2009
551,"Zambia",2009
552,"Zimbabwe",2009
700,"Afghanistan",2010
339,"Albania",2010
615,"Algeria",2010
232,"Andorra",2010
540,"Angola",2010
58,"Antigua & Barbuda",2010
160,"Argentina",2010
371,"Armenia",2010
900,"Australia",2010
305,"Austria",2010
373,"Azerbaijan",2010
31,"Bahamas",2010
692,"Bahrain",2010
771,"Bangladesh",2010
53,"Barbados",2010
370,"Belarus",2010
211,"Belgium",2010
80,"Belize",2010
434,"Benin",2010
760,"Bhutan",2010
145,"Bolivia",2010
346,"Bosnia-Herzegovina",2010
571,"Botswana",2010
140,"Brazil",2010
835,"Brunei",2010
355,"Bulgaria",2010
439,"Burkina Faso",2010
516,"Burundi",2010
811,"Cambodia",2010
471,"Cameroon",2010
20,"Canada",2010
402,"Cape Verde",2010
482,"Central African Rep.",2010
483,"Chad",2010
155,"Chile",2010
710,"China",2010
100,"Colombia",2010
581,"Comoros",2010
490,"Congo, Dem. Rep.",2010
484,"Congo, Rep.",2010
94,"Costa Rica",2010
437,"Cote D'Ivoire",2010
344,"Croatia",2010
40,"Cuba",2010
352,"Cyprus",2010
316,"Czech Republic",2010
390,"Denmark",2010
522,"Djibouti",2010
54,"Dominica",2010
42,"Dominican Republic",2010
130,"Ecuador",2010
651,"Egypt",2010
92,"El Salvador",2010
411,"Equatorial Guinea",2010
531,"Eritrea",2010
366,"Estonia",2010
530,"Ethiopia",2010
950,"Fiji",2010
375,"Finland",2010
220,"France",2010
481,"Gabon",2010
420,"Gambia",2010
372,"Georgia",2010
255,"Germany",2010
452,"Ghana",2010
350,"Greece",2010
55,"Grenada",2010
90,"Guatemala",2010
438,"Guinea",2010
404,"Guinea-Bissau",2010
110,"Guyana",2010
41,"Haiti",2010
91,"Honduras",2010
310,"Hungary",2010
395,"Iceland",2010
750,"India",2010
850,"Indonesia",2010
630,"Iran",2010
645,"Iraq",2010
205,"Ireland",2010
666,"Israel",2010
325,"Italy",2010
51,"Jamaica",2010
740,"Japan",2010
663,"Jordan",2010
705,"Kazakhstan",2010
501,"Kenya",2010
946,"Kiribati",2010
732,"Korea",2010
731,"Korea, Dem. Rep.",2010
690,"Kuwait",2010
703,"Kyrgyz Republic",2010
812,"Laos",2010
367,"Latvia",2010
660,"Lebanon",2010
570,"Lesotho",2010
450,"Liberia",2010
620,"Libya",2010
223,"Liechtenstein",2010
368,"Lithuania",2010
212,"Luxembourg",2010
343,"Macedonia, FYR",2010
580,"Madagascar",2010
553,"Malawi",2010
820,"Malaysia",2010
781,"Maldives",2010
432,"Mali",2010
338,"Malta",2010
983,"Marshall Islands",2010
435,"Mauritania",2010
590,"Mauritius",2010
70,"Mexico",2010
987,"Micronesia, Federated States of",2010
359,"Moldova",2010
221,"Monaco",2010
712,"Mongolia",2010
600,"Morocco",2010
541,"Mozambique",2010
775,"Myanmar",2010
565,"Namibia",2010
790,"Nepal",2010
210,"Netherlands",2010
920,"New Zealand",2010
93,"Nicaragua",2010
436,"Niger",2010
475,"Nigeria",2010
385,"Norway",2010
698,"Oman",2010
770,"Pakistan",2010
986,"Palau",2010
95,"Panama",2010
910,"Papua New Guinea",2010
150,"Paraguay",2010
135,"Peru",2010
840,"Philippines",2010
290,"Poland",2010
235,"Portugal",2010
694,"Qatar",2010
360,"Romania",2010
365,"Russia",2010
517,"Rwanda",2010
990,"Samoa",2010
331,"San Marino",2010
403,"Sao Tome & Principe",2010
670,"Saudi Arabia",2010
433,"Senegal",2010
345,"Serbia",2010
591,"Seychelles",2010
451,"Sierra Leone",2010
830,"Singapore",2010
317,"Slovak Republic",2010
349,"Slovenia",2010
940,"Solomon Islands",2010
520,"Somalia",2010
560,"South Africa",2010
230,"Spain",2010
780,"Sri Lanka",2010
60,"St. Kitts & Nevis",2010
56,"St. Lucia",2010
57,"St.Vincent & Grenadines",2010
625,"Sudan",2010
115,"Suriname",2010
572,"Swaziland",2010
380,"Sweden",2010
225,"Switzerland",2010
652,"Syria",2010
713,"Taiwan",2010
702,"Tajikistan",2010
510,"Tanzania",2010
800,"Thailand",2010
461,"Togo",2010
955,"Tonga",2010
52,"Trinidad & Tobago",2010
616,"Tunisia",2010
640,"Turkey",2010
701,"Turkmenistan",2010
500,"Uganda",2010
369,"Ukraine",2010
696,"United Arab Emirates",2010
200,"United Kingdom",2010
2,"United States",2010
165,"Uruguay",2010
704,"Uzbekistan",2010
935,"Vanuatu",2010
101,"Venezuela",2010
816,"Viet Nam",2010
679,"Yemen",2010
551,"Zambia",2010
552,"Zimbabwe",2010
700,"Afghanistan",2011
339,"Albania",2011
615,"Algeria",2011
232,"Andorra",2011
540,"Angola",2011
58,"Antigua & Barbuda",2011
160,"Argentina",2011
371,"Armenia",2011
900,"Australia",2011
305,"Austria",2011
373,"Azerbaijan",2011
31,"Bahamas",2011
692,"Bahrain",2011
771,"Bangladesh",2011
53,"Barbados",2011
370,"Belarus",2011
211,"Belgium",2011
80,"Belize",2011
434,"Benin",2011
760,"Bhutan",2011
145,"Bolivia",2011
346,"Bosnia-Herzegovina",2011
571,"Botswana",2011
140,"Brazil",2011
835,"Brunei",2011
355,"Bulgaria",2011
439,"Burkina Faso",2011
516,"Burundi",2011
811,"Cambodia",2011
471,"Cameroon",2011
20,"Canada",2011
402,"Cape Verde",2011
482,"Central African Rep.",2011
483,"Chad",2011
155,"Chile",2011
710,"China",2011
100,"Colombia",2011
581,"Comoros",2011
490,"Congo, Dem. Rep.",2011
484,"Congo, Rep.",2011
94,"Costa Rica",2011
437,"Cote D'Ivoire",2011
344,"Croatia",2011
40,"Cuba",2011
352,"Cyprus",2011
316,"Czech Republic",2011
390,"Denmark",2011
522,"Djibouti",2011
54,"Dominica",2011
42,"Dominican Republic",2011
130,"Ecuador",2011
651,"Egypt",2011
92,"El Salvador",2011
411,"Equatorial Guinea",2011
531,"Eritrea",2011
366,"Estonia",2011
530,"Ethiopia",2011
950,"Fiji",2011
375,"Finland",2011
220,"France",2011
481,"Gabon",2011
420,"Gambia",2011
372,"Georgia",2011
255,"Germany",2011
452,"Ghana",2011
350,"Greece",2011
55,"Grenada",2011
90,"Guatemala",2011
438,"Guinea",2011
404,"Guinea-Bissau",2011
110,"Guyana",2011
41,"Haiti",2011
91,"Honduras",2011
310,"Hungary",2011
395,"Iceland",2011
750,"India",2011
850,"Indonesia",2011
630,"Iran",2011
645,"Iraq",2011
205,"Ireland",2011
666,"Israel",2011
325,"Italy",2011
51,"Jamaica",2011
740,"Japan",2011
663,"Jordan",2011
705,"Kazakhstan",2011
501,"Kenya",2011
946,"Kiribati",2011
732,"Korea",2011
731,"Korea, Dem. Rep.",2011
690,"Kuwait",2011
703,"Kyrgyz Republic",2011
812,"Laos",2011
367,"Latvia",2011
660,"Lebanon",2011
570,"Lesotho",2011
450,"Liberia",2011
620,"Libya",2011
223,"Liechtenstein",2011
368,"Lithuania",2011
212,"Luxembourg",2011
343,"Macedonia, FYR",2011
580,"Madagascar",2011
553,"Malawi",2011
820,"Malaysia",2011
781,"Maldives",2011
432,"Mali",2011
338,"Malta",2011
983,"Marshall Islands",2011
435,"Mauritania",2011
590,"Mauritius",2011
70,"Mexico",2011
987,"Micronesia, Federated States of",2011
359,"Moldova",2011
221,"Monaco",2011
712,"Mongolia",2011
600,"Morocco",2011
541,"Mozambique",2011
775,"Myanmar",2011
565,"Namibia",2011
790,"Nepal",2011
210,"Netherlands",2011
920,"New Zealand",2011
93,"Nicaragua",2011
436,"Niger",2011
475,"Nigeria",2011
385,"Norway",2011
698,"Oman",2011
770,"Pakistan",2011
986,"Palau",2011
95,"Panama",2011
910,"Papua New Guinea",2011
150,"Paraguay",2011
135,"Peru",2011
840,"Philippines",2011
290,"Poland",2011
235,"Portugal",2011
694,"Qatar",2011
360,"Romania",2011
365,"Russia",2011
517,"Rwanda",2011
990,"Samoa",2011
331,"San Marino",2011
403,"Sao Tome & Principe",2011
670,"Saudi Arabia",2011
433,"Senegal",2011
345,"Serbia",2011
591,"Seychelles",2011
451,"Sierra Leone",2011
830,"Singapore",2011
317,"Slovak Republic",2011
349,"Slovenia",2011
940,"Solomon Islands",2011
520,"Somalia",2011
560,"South Africa",2011
230,"Spain",2011
780,"Sri Lanka",2011
60,"St. Kitts & Nevis",2011
56,"St. Lucia",2011
57,"St.Vincent & Grenadines",2011
625,"Sudan",2011
115,"Suriname",2011
572,"Swaziland",2011
380,"Sweden",2011
225,"Switzerland",2011
652,"Syria",2011
713,"Taiwan",2011
702,"Tajikistan",2011
510,"Tanzania",2011
800,"Thailand",2011
461,"Togo",2011
955,"Tonga",2011
52,"Trinidad & Tobago",2011
616,"Tunisia",2011
640,"Turkey",2011
701,"Turkmenistan",2011
500,"Uganda",2011
369,"Ukraine",2011
696,"United Arab Emirates",2011
200,"United Kingdom",2011
2,"United States",2011
165,"Uruguay",2011
704,"Uzbekistan",2011
935,"Vanuatu",2011
101,"Venezuela",2011
816,"Viet Nam",2011
679,"Yemen",2011
551,"Zambia",2011
552,"Zimbabwe",2011
700,"Afghanistan",2012
339,"Albania",2012
615,"Algeria",2012
232,"Andorra",2012
540,"Angola",2012
58,"Antigua & Barbuda",2012
160,"Argentina",2012
371,"Armenia",2012
900,"Australia",2012
305,"Austria",2012
373,"Azerbaijan",2012
31,"Bahamas",2012
692,"Bahrain",2012
771,"Bangladesh",2012
53,"Barbados",2012
370,"Belarus",2012
211,"Belgium",2012
80,"Belize",2012
434,"Benin",2012
760,"Bhutan",2012
145,"Bolivia",2012
346,"Bosnia-Herzegovina",2012
571,"Botswana",2012
140,"Brazil",2012
835,"Brunei",2012
355,"Bulgaria",2012
439,"Burkina Faso",2012
516,"Burundi",2012
811,"Cambodia",2012
471,"Cameroon",2012
20,"Canada",2012
402,"Cape Verde",2012
482,"Central African Rep.",2012
483,"Chad",2012
155,"Chile",2012
710,"China",2012
100,"Colombia",2012
581,"Comoros",2012
490,"Congo, Dem. Rep.",2012
484,"Congo, Rep.",2012
94,"Costa Rica",2012
437,"Cote D'Ivoire",2012
344,"Croatia",2012
40,"Cuba",2012
352,"Cyprus",2012
316,"Czech Republic",2012
390,"Denmark",2012
522,"Djibouti",2012
54,"Dominica",2012
42,"Dominican Republic",2012
130,"Ecuador",2012
651,"Egypt",2012
92,"El Salvador",2012
411,"Equatorial Guinea",2012
531,"Eritrea",2012
366,"Estonia",2012
530,"Ethiopia",2012
950,"Fiji",2012
375,"Finland",2012
220,"France",2012
481,"Gabon",2012
420,"Gambia",2012
372,"Georgia",2012
255,"Germany",2012
452,"Ghana",2012
350,"Greece",2012
55,"Grenada",2012
90,"Guatemala",2012
438,"Guinea",2012
404,"Guinea-Bissau",2012
110,"Guyana",2012
41,"Haiti",2012
91,"Honduras",2012
310,"Hungary",2012
395,"Iceland",2012
750,"India",2012
850,"Indonesia",2012
630,"Iran",2012
645,"Iraq",2012
205,"Ireland",2012
666,"Israel",2012
325,"Italy",2012
51,"Jamaica",2012
740,"Japan",2012
663,"Jordan",2012
705,"Kazakhstan",2012
501,"Kenya",2012
946,"Kiribati",2012
732,"Korea",2012
731,"Korea, Dem. Rep.",2012
690,"Kuwait",2012
703,"Kyrgyz Republic",2012
812,"Laos",2012
367,"Latvia",2012
660,"Lebanon",2012
570,"Lesotho",2012
450,"Liberia",2012
620,"Libya",2012
223,"Liechtenstein",2012
368,"Lithuania",2012
212,"Luxembourg",2012
343,"Macedonia, FYR",2012
580,"Madagascar",2012
553,"Malawi",2012
820,"Malaysia",2012
781,"Maldives",2012
432,"Mali",2012
338,"Malta",2012
983,"Marshall Islands",2012
435,"Mauritania",2012
590,"Mauritius",2012
70,"Mexico",2012
987,"Micronesia, Federated States of",2012
359,"Moldova",2012
221,"Monaco",2012
712,"Mongolia",2012
600,"Morocco",2012
541,"Mozambique",2012
775,"Myanmar",2012
565,"Namibia",2012
790,"Nepal",2012
210,"Netherlands",2012
920,"New Zealand",2012
93,"Nicaragua",2012
436,"Niger",2012
475,"Nigeria",2012
385,"Norway",2012
698,"Oman",2012
770,"Pakistan",2012
986,"Palau",2012
95,"Panama",2012
910,"Papua New Guinea",2012
150,"Paraguay",2012
135,"Peru",2012
840,"Philippines",2012
290,"Poland",2012
235,"Portugal",2012
694,"Qatar",2012
360,"Romania",2012
365,"Russia",2012
517,"Rwanda",2012
990,"Samoa",2012
331,"San Marino",2012
403,"Sao Tome & Principe",2012
670,"Saudi Arabia",2012
433,"Senegal",2012
345,"Serbia",2012
591,"Seychelles",2012
451,"Sierra Leone",2012
830,"Singapore",2012
317,"Slovak Republic",2012
349,"Slovenia",2012
940,"Solomon Islands",2012
520,"Somalia",2012
560,"South Africa",2012
230,"Spain",2012
780,"Sri Lanka",2012
60,"St. Kitts & Nevis",2012
56,"St. Lucia",2012
57,"St.Vincent & Grenadines",2012
625,"Sudan",2012
115,"Suriname",2012
572,"Swaziland",2012
380,"Sweden",2012
225,"Switzerland",2012
652,"Syria",2012
713,"Taiwan",2012
702,"Tajikistan",2012
510,"Tanzania",2012
800,"Thailand",2012
461,"Togo",2012
955,"Tonga",2012
52,"Trinidad & Tobago",2012
616,"Tunisia",2012
640,"Turkey",2012
701,"Turkmenistan",2012
500,"Uganda",2012
369,"Ukraine",2012
696,"United Arab Emirates",2012
200,"United Kingdom",2012
2,"United States",2012
165,"Uruguay",2012
704,"Uzbekistan",2012
935,"Vanuatu",2012
101,"Venezuela",2012
816,"Viet Nam",2012
679,"Yemen",2012
551,"Zambia",2012
552,"Zimbabwe",2012
700,"Afghanistan",2013
339,"Albania",2013
615,"Algeria",2013
232,"Andorra",2013
540,"Angola",2013
58,"Antigua & Barbuda",2013
160,"Argentina",2013
371,"Armenia",2013
900,"Australia",2013
305,"Austria",2013
373,"Azerbaijan",2013
31,"Bahamas",2013
692,"Bahrain",2013
771,"Bangladesh",2013
53,"Barbados",2013
370,"Belarus",2013
211,"Belgium",2013
80,"Belize",2013
434,"Benin",2013
760,"Bhutan",2013
145,"Bolivia",2013
346,"Bosnia-Herzegovina",2013
571,"Botswana",2013
140,"Brazil",2013
835,"Brunei",2013
355,"Bulgaria",2013
439,"Burkina Faso",2013
516,"Burundi",2013
811,"Cambodia",2013
471,"Cameroon",2013
20,"Canada",2013
402,"Cape Verde",2013
482,"Central African Rep.",2013
483,"Chad",2013
155,"Chile",2013
710,"China",2013
100,"Colombia",2013
581,"Comoros",2013
490,"Congo, Dem. Rep.",2013
484,"Congo, Rep.",2013
94,"Costa Rica",2013
437,"Cote D'Ivoire",2013
344,"Croatia",2013
40,"Cuba",2013
352,"Cyprus",2013
316,"Czech Republic",2013
390,"Denmark",2013
522,"Djibouti",2013
54,"Dominica",2013
42,"Dominican Republic",2013
130,"Ecuador",2013
651,"Egypt",2013
92,"El Salvador",2013
411,"Equatorial Guinea",2013
531,"Eritrea",2013
366,"Estonia",2013
530,"Ethiopia",2013
950,"Fiji",2013
375,"Finland",2013
220,"France",2013
481,"Gabon",2013
420,"Gambia",2013
372,"Georgia",2013
255,"Germany",2013
452,"Ghana",2013
350,"Greece",2013
55,"Grenada",2013
90,"Guatemala",2013
438,"Guinea",2013
404,"Guinea-Bissau",2013
110,"Guyana",2013
41,"Haiti",2013
91,"Honduras",2013
310,"Hungary",2013
395,"Iceland",2013
750,"India",2013
850,"Indonesia",2013
630,"Iran",2013
645,"Iraq",2013
205,"Ireland",2013
666,"Israel",2013
325,"Italy",2013
51,"Jamaica",2013
740,"Japan",2013
663,"Jordan",2013
705,"Kazakhstan",2013
501,"Kenya",2013
946,"Kiribati",2013
732,"Korea",2013
731,"Korea, Dem. Rep.",2013
690,"Kuwait",2013
703,"Kyrgyz Republic",2013
812,"Laos",2013
367,"Latvia",2013
660,"Lebanon",2013
570,"Lesotho",2013
450,"Liberia",2013
620,"Libya",2013
223,"Liechtenstein",2013
368,"Lithuania",2013
212,"Luxembourg",2013
343,"Macedonia, FYR",2013
580,"Madagascar",2013
553,"Malawi",2013
820,"Malaysia",2013
781,"Maldives",2013
432,"Mali",2013
338,"Malta",2013
983,"Marshall Islands",2013
435,"Mauritania",2013
590,"Mauritius",2013
70,"Mexico",2013
987,"Micronesia, Federated States of",2013
359,"Moldova",2013
221,"Monaco",2013
712,"Mongolia",2013
600,"Morocco",2013
541,"Mozambique",2013
775,"Myanmar",2013
565,"Namibia",2013
790,"Nepal",2013
210,"Netherlands",2013
920,"New Zealand",2013
93,"Nicaragua",2013
436,"Niger",2013
475,"Nigeria",2013
385,"Norway",2013
698,"Oman",2013
770,"Pakistan",2013
986,"Palau",2013
95,"Panama",2013
910,"Papua New Guinea",2013
150,"Paraguay",2013
135,"Peru",2013
840,"Philippines",2013
290,"Poland",2013
235,"Portugal",2013
694,"Qatar",2013
360,"Romania",2013
365,"Russia",2013
517,"Rwanda",2013
990,"Samoa",2013
331,"San Marino",2013
403,"Sao Tome & Principe",2013
670,"Saudi Arabia",2013
433,"Senegal",2013
345,"Serbia",2013
591,"Seychelles",2013
451,"Sierra Leone",2013
830,"Singapore",2013
317,"Slovak Republic",2013
349,"Slovenia",2013
940,"Solomon Islands",2013
520,"Somalia",2013
560,"South Africa",2013
230,"Spain",2013
780,"Sri Lanka",2013
60,"St. Kitts & Nevis",2013
56,"St. Lucia",2013
57,"St.Vincent & Grenadines",2013
625,"Sudan",2013
115,"Suriname",2013
572,"Swaziland",2013
380,"Sweden",2013
225,"Switzerland",2013
652,"Syria",2013
713,"Taiwan",2013
702,"Tajikistan",2013
510,"Tanzania",2013
800,"Thailand",2013
461,"Togo",2013
955,"Tonga",2013
52,"Trinidad & Tobago",2013
616,"Tunisia",2013
640,"Turkey",2013
701,"Turkmenistan",2013
500,"Uganda",2013
369,"Ukraine",2013
696,"United Arab Emirates",2013
200,"United Kingdom",2013
2,"United States",2013
165,"Uruguay",2013
704,"Uzbekistan",2013
935,"Vanuatu",2013
101,"Venezuela",2013
816,"Viet Nam",2013
679,"Yemen",2013
551,"Zambia",2013
552,"Zimbabwe",2013
700,"Afghanistan",2014
339,"Albania",2014
615,"Algeria",2014
232,"Andorra",2014
540,"Angola",2014
58,"Antigua & Barbuda",2014
160,"Argentina",2014
371,"Armenia",2014
900,"Australia",2014
305,"Austria",2014
373,"Azerbaijan",2014
31,"Bahamas",2014
692,"Bahrain",2014
771,"Bangladesh",2014
53,"Barbados",2014
370,"Belarus",2014
211,"Belgium",2014
80,"Belize",2014
434,"Benin",2014
760,"Bhutan",2014
145,"Bolivia",2014
346,"Bosnia-Herzegovina",2014
571,"Botswana",2014
140,"Brazil",2014
835,"Brunei",2014
355,"Bulgaria",2014
439,"Burkina Faso",2014
516,"Burundi",2014
811,"Cambodia",2014
471,"Cameroon",2014
20,"Canada",2014
402,"Cape Verde",2014
482,"Central African Rep.",2014
483,"Chad",2014
155,"Chile",2014
710,"China",2014
100,"Colombia",2014
581,"Comoros",2014
490,"Congo, Dem. Rep.",2014
484,"Congo, Rep.",2014
94,"Costa Rica",2014
437,"Cote D'Ivoire",2014
344,"Croatia",2014
40,"Cuba",2014
352,"Cyprus",2014
316,"Czech Republic",2014
390,"Denmark",2014
522,"Djibouti",2014
54,"Dominica",2014
42,"Dominican Republic",2014
130,"Ecuador",2014
651,"Egypt",2014
92,"El Salvador",2014
411,"Equatorial Guinea",2014
531,"Eritrea",2014
366,"Estonia",2014
530,"Ethiopia",2014
950,"Fiji",2014
375,"Finland",2014
220,"France",2014
481,"Gabon",2014
420,"Gambia",2014
372,"Georgia",2014
255,"Germany",2014
452,"Ghana",2014
350,"Greece",2014
55,"Grenada",2014
90,"Guatemala",2014
438,"Guinea",2014
404,"Guinea-Bissau",2014
110,"Guyana",2014
41,"Haiti",2014
91,"Honduras",2014
310,"Hungary",2014
395,"Iceland",2014
750,"India",2014
850,"Indonesia",2014
630,"Iran",2014
645,"Iraq",2014
205,"Ireland",2014
666,"Israel",2014
325,"Italy",2014
51,"Jamaica",2014
740,"Japan",2014
663,"Jordan",2014
705,"Kazakhstan",2014
501,"Kenya",2014
946,"Kiribati",2014
732,"Korea",2014
731,"Korea, Dem. Rep.",2014
690,"Kuwait",2014
703,"Kyrgyz Republic",2014
812,"Laos",2014
367,"Latvia",2014
660,"Lebanon",2014
570,"Lesotho",2014
450,"Liberia",2014
620,"Libya",2014
223,"Liechtenstein",2014
368,"Lithuania",2014
212,"Luxembourg",2014
343,"Macedonia, FYR",2014
580,"Madagascar",2014
553,"Malawi",2014
820,"Malaysia",2014
781,"Maldives",2014
432,"Mali",2014
338,"Malta",2014
983,"Marshall Islands",2014
435,"Mauritania",2014
590,"Mauritius",2014
70,"Mexico",2014
987,"Micronesia, Federated States of",2014
359,"Moldova",2014
221,"Monaco",2014
712,"Mongolia",2014
600,"Morocco",2014
541,"Mozambique",2014
775,"Myanmar",2014
565,"Namibia",2014
790,"Nepal",2014
210,"Netherlands",2014
920,"New Zealand",2014
93,"Nicaragua",2014
436,"Niger",2014
475,"Nigeria",2014
385,"Norway",2014
698,"Oman",2014
770,"Pakistan",2014
986,"Palau",2014
95,"Panama",2014
910,"Papua New Guinea",2014
150,"Paraguay",2014
135,"Peru",2014
840,"Philippines",2014
290,"Poland",2014
235,"Portugal",2014
694,"Qatar",2014
360,"Romania",2014
365,"Russia",2014
517,"Rwanda",2014
990,"Samoa",2014
331,"San Marino",2014
403,"Sao Tome & Principe",2014
670,"Saudi Arabia",2014
433,"Senegal",2014
345,"Serbia",2014
591,"Seychelles",2014
451,"Sierra Leone",2014
830,"Singapore",2014
317,"Slovak Republic",2014
349,"Slovenia",2014
940,"Solomon Islands",2014
520,"Somalia",2014
560,"South Africa",2014
230,"Spain",2014
780,"Sri Lanka",2014
60,"St. Kitts & Nevis",2014
56,"St. Lucia",2014
57,"St.Vincent & Grenadines",2014
625,"Sudan",2014
115,"Suriname",2014
572,"Swaziland",2014
380,"Sweden",2014
225,"Switzerland",2014
652,"Syria",2014
713,"Taiwan",2014
702,"Tajikistan",2014
510,"Tanzania",2014
800,"Thailand",2014
461,"Togo",2014
955,"Tonga",2014
52,"Trinidad & Tobago",2014
616,"Tunisia",2014
640,"Turkey",2014
701,"Turkmenistan",2014
500,"Uganda",2014
369,"Ukraine",2014
696,"United Arab Emirates",2014
200,"United Kingdom",2014
2,"United States",2014
165,"Uruguay",2014
704,"Uzbekistan",2014
935,"Vanuatu",2014
101,"Venezuela",2014
816,"Viet Nam",2014
679,"Yemen",2014
551,"Zambia",2014
552,"Zimbabwe",2014
700,"Afghanistan",2015
339,"Albania",2015
615,"Algeria",2015
232,"Andorra",2015
540,"Angola",2015
58,"Antigua & Barbuda",2015
160,"Argentina",2015
371,"Armenia",2015
900,"Australia",2015
305,"Austria",2015
373,"Azerbaijan",2015
31,"Bahamas",2015
692,"Bahrain",2015
771,"Bangladesh",2015
53,"Barbados",2015
370,"Belarus",2015
211,"Belgium",2015
80,"Belize",2015
434,"Benin",2015
760,"Bhutan",2015
145,"Bolivia",2015
346,"Bosnia-Herzegovina",2015
571,"Botswana",2015
140,"Brazil",2015
835,"Brunei",2015
355,"Bulgaria",2015
439,"Burkina Faso",2015
516,"Burundi",2015
811,"Cambodia",2015
471,"Cameroon",2015
20,"Canada",2015
402,"Cape Verde",2015
482,"Central African Rep.",2015
483,"Chad",2015
155,"Chile",2015
710,"China",2015
100,"Colombia",2015
581,"Comoros",2015
490,"Congo, Dem. Rep.",2015
484,"Congo, Rep.",2015
94,"Costa Rica",2015
437,"Cote D'Ivoire",2015
344,"Croatia",2015
40,"Cuba",2015
352,"Cyprus",2015
316,"Czech Republic",2015
390,"Denmark",2015
522,"Djibouti",2015
54,"Dominica",2015
42,"Dominican Republic",2015
130,"Ecuador",2015
651,"Egypt",2015
92,"El Salvador",2015
411,"Equatorial Guinea",2015
531,"Eritrea",2015
366,"Estonia",2015
530,"Ethiopia",2015
950,"Fiji",2015
375,"Finland",2015
220,"France",2015
481,"Gabon",2015
420,"Gambia",2015
372,"Georgia",2015
255,"Germany",2015
452,"Ghana",2015
350,"Greece",2015
55,"Grenada",2015
90,"Guatemala",2015
438,"Guinea",2015
404,"Guinea-Bissau",2015
110,"Guyana",2015
41,"Haiti",2015
91,"Honduras",2015
310,"Hungary",2015
395,"Iceland",2015
750,"India",2015
850,"Indonesia",2015
630,"Iran",2015
645,"Iraq",2015
205,"Ireland",2015
666,"Israel",2015
325,"Italy",2015
51,"Jamaica",2015
740,"Japan",2015
663,"Jordan",2015
705,"Kazakhstan",2015
501,"Kenya",2015
946,"Kiribati",2015
732,"Korea",2015
731,"Korea, Dem. Rep.",2015
690,"Kuwait",2015
703,"Kyrgyz Republic",2015
812,"Laos",2015
367,"Latvia",2015
660,"Lebanon",2015
570,"Lesotho",2015
450,"Liberia",2015
620,"Libya",2015
223,"Liechtenstein",2015
368,"Lithuania",2015
212,"Luxembourg",2015
343,"Macedonia, FYR",2015
580,"Madagascar",2015
553,"Malawi",2015
820,"Malaysia",2015
781,"Maldives",2015
432,"Mali",2015
338,"Malta",2015
983,"Marshall Islands",2015
435,"Mauritania",2015
590,"Mauritius",2015
70,"Mexico",2015
987,"Micronesia, Federated States of",2015
359,"Moldova",2015
221,"Monaco",2015
712,"Mongolia",2015
600,"Morocco",2015
541,"Mozambique",2015
775,"Myanmar",2015
565,"Namibia",2015
790,"Nepal",2015
210,"Netherlands",2015
920,"New Zealand",2015
93,"Nicaragua",2015
436,"Niger",2015
475,"Nigeria",2015
385,"Norway",2015
698,"Oman",2015
770,"Pakistan",2015
986,"Palau",2015
95,"Panama",2015
910,"Papua New Guinea",2015
150,"Paraguay",2015
135,"Peru",2015
840,"Philippines",2015
290,"Poland",2015
235,"Portugal",2015
694,"Qatar",2015
360,"Romania",2015
365,"Russia",2015
517,"Rwanda",2015
990,"Samoa",2015
331,"San Marino",2015
403,"Sao Tome & Principe",2015
670,"Saudi Arabia",2015
433,"Senegal",2015
345,"Serbia",2015
591,"Seychelles",2015
451,"Sierra Leone",2015
830,"Singapore",2015
317,"Slovak Republic",2015
349,"Slovenia",2015
940,"Solomon Islands",2015
520,"Somalia",2015
560,"South Africa",2015
230,"Spain",2015
780,"Sri Lanka",2015
60,"St. Kitts & Nevis",2015
56,"St. Lucia",2015
57,"St.Vincent & Grenadines",2015
625,"Sudan",2015
115,"Suriname",2015
572,"Swaziland",2015
380,"Sweden",2015
225,"Switzerland",2015
652,"Syria",2015
713,"Taiwan",2015
702,"Tajikistan",2015
510,"Tanzania",2015
800,"Thailand",2015
461,"Togo",2015
955,"Tonga",2015
52,"Trinidad & Tobago",2015
616,"Tunisia",2015
640,"Turkey",2015
701,"Turkmenistan",2015
500,"Uganda",2015
369,"Ukraine",2015
696,"United Arab Emirates",2015
200,"United Kingdom",2015
2,"United States",2015
165,"Uruguay",2015
704,"Uzbekistan",2015
935,"Vanuatu",2015
101,"Venezuela",2015
816,"Viet Nam",2015
679,"Yemen",2015
551,"Zambia",2015
552,"Zimbabwe",2015
700,"Afghanistan",2016
339,"Albania",2016
615,"Algeria",2016
232,"Andorra",2016
540,"Angola",2016
58,"Antigua & Barbuda",2016
160,"Argentina",2016
371,"Armenia",2016
900,"Australia",2016
305,"Austria",2016
373,"Azerbaijan",2016
31,"Bahamas",2016
692,"Bahrain",2016
771,"Bangladesh",2016
53,"Barbados",2016
370,"Belarus",2016
211,"Belgium",2016
80,"Belize",2016
434,"Benin",2016
760,"Bhutan",2016
145,"Bolivia",2016
346,"Bosnia-Herzegovina",2016
571,"Botswana",2016
140,"Brazil",2016
835,"Brunei",2016
355,"Bulgaria",2016
439,"Burkina Faso",2016
516,"Burundi",2016
811,"Cambodia",2016
471,"Cameroon",2016
20,"Canada",2016
402,"Cape Verde",2016
482,"Central African Rep.",2016
483,"Chad",2016
155,"Chile",2016
710,"China",2016
100,"Colombia",2016
581,"Comoros",2016
490,"Congo, Dem. Rep.",2016
484,"Congo, Rep.",2016
94,"Costa Rica",2016
437,"Cote D'Ivoire",2016
344,"Croatia",2016
40,"Cuba",2016
352,"Cyprus",2016
316,"Czech Republic",2016
390,"Denmark",2016
522,"Djibouti",2016
54,"Dominica",2016
42,"Dominican Republic",2016
130,"Ecuador",2016
651,"Egypt",2016
92,"El Salvador",2016
411,"Equatorial Guinea",2016
531,"Eritrea",2016
366,"Estonia",2016
530,"Ethiopia",2016
950,"Fiji",2016
375,"Finland",2016
220,"France",2016
481,"Gabon",2016
420,"Gambia",2016
372,"Georgia",2016
255,"Germany",2016
452,"Ghana",2016
350,"Greece",2016
55,"Grenada",2016
90,"Guatemala",2016
438,"Guinea",2016
404,"Guinea-Bissau",2016
110,"Guyana",2016
41,"Haiti",2016
91,"Honduras",2016
310,"Hungary",2016
395,"Iceland",2016
750,"India",2016
850,"Indonesia",2016
630,"Iran",2016
645,"Iraq",2016
205,"Ireland",2016
666,"Israel",2016
325,"Italy",2016
51,"Jamaica",2016
740,"Japan",2016
663,"Jordan",2016
705,"Kazakhstan",2016
501,"Kenya",2016
946,"Kiribati",2016
732,"Korea",2016
731,"Korea, Dem. Rep.",2016
690,"Kuwait",2016
703,"Kyrgyz Republic",2016
812,"Laos",2016
367,"Latvia",2016
660,"Lebanon",2016
570,"Lesotho",2016
450,"Liberia",2016
620,"Libya",2016
223,"Liechtenstein",2016
368,"Lithuania",2016
212,"Luxembourg",2016
343,"Macedonia, FYR",2016
580,"Madagascar",2016
553,"Malawi",2016
820,"Malaysia",2016
781,"Maldives",2016
432,"Mali",2016
338,"Malta",2016
983,"Marshall Islands",2016
435,"Mauritania",2016
590,"Mauritius",2016
70,"Mexico",2016
987,"Micronesia, Federated States of",2016
359,"Moldova",2016
221,"Monaco",2016
712,"Mongolia",2016
600,"Morocco",2016
541,"Mozambique",2016
775,"Myanmar",2016
565,"Namibia",2016
790,"Nepal",2016
210,"Netherlands",2016
920,"New Zealand",2016
93,"Nicaragua",2016
436,"Niger",2016
475,"Nigeria",2016
385,"Norway",2016
698,"Oman",2016
770,"Pakistan",2016
986,"Palau",2016
95,"Panama",2016
910,"Papua New Guinea",2016
150,"Paraguay",2016
135,"Peru",2016
840,"Philippines",2016
290,"Poland",2016
235,"Portugal",2016
694,"Qatar",2016
360,"Romania",2016
365,"Russia",2016
517,"Rwanda",2016
990,"Samoa",2016
331,"San Marino",2016
403,"Sao Tome & Principe",2016
670,"Saudi Arabia",2016
433,"Senegal",2016
345,"Serbia",2016
591,"Seychelles",2016
451,"Sierra Leone",2016
830,"Singapore",2016
317,"Slovak Republic",2016
349,"Slovenia",2016
940,"Solomon Islands",2016
520,"Somalia",2016
560,"South Africa",2016
230,"Spain",2016
780,"Sri Lanka",2016
60,"St. Kitts & Nevis",2016
56,"St. Lucia",2016
57,"St.Vincent & Grenadines",2016
625,"Sudan",2016
115,"Suriname",2016
572,"Swaziland",2016
380,"Sweden",2016
225,"Switzerland",2016
652,"Syria",2016
713,"Taiwan",2016
702,"Tajikistan",2016
510,"Tanzania",2016
800,"Thailand",2016
461,"Togo",2016
955,"Tonga",2016
52,"Trinidad & Tobago",2016
616,"Tunisia",2016
640,"Turkey",2016
701,"Turkmenistan",2016
500,"Uganda",2016
369,"Ukraine",2016
696,"United Arab Emirates",2016
200,"United Kingdom",2016
2,"United States",2016
165,"Uruguay",2016
704,"Uzbekistan",2016
935,"Vanuatu",2016
101,"Venezuela",2016
816,"Viet Nam",2016
679,"Yemen",2016
551,"Zambia",2016
552,"Zimbabwe",2016
700,"Afghanistan",2017
339,"Albania",2017
615,"Algeria",2017
232,"Andorra",2017
540,"Angola",2017
58,"Antigua & Barbuda",2017
160,"Argentina",2017
371,"Armenia",2017
900,"Australia",2017
305,"Austria",2017
373,"Azerbaijan",2017
31,"Bahamas",2017
692,"Bahrain",2017
771,"Bangladesh",2017
53,"Barbados",2017
370,"Belarus",2017
211,"Belgium",2017
80,"Belize",2017
434,"Benin",2017
760,"Bhutan",2017
145,"Bolivia",2017
346,"Bosnia-Herzegovina",2017
571,"Botswana",2017
140,"Brazil",2017
835,"Brunei",2017
355,"Bulgaria",2017
439,"Burkina Faso",2017
516,"Burundi",2017
811,"Cambodia",2017
471,"Cameroon",2017
20,"Canada",2017
402,"Cape Verde",2017
482,"Central African Rep.",2017
483,"Chad",2017
155,"Chile",2017
710,"China",2017
100,"Colombia",2017
581,"Comoros",2017
490,"Congo, Dem. Rep.",2017
484,"Congo, Rep.",2017
94,"Costa Rica",2017
437,"Cote D'Ivoire",2017
344,"Croatia",2017
40,"Cuba",2017
352,"Cyprus",2017
316,"Czech Republic",2017
390,"Denmark",2017
522,"Djibouti",2017
54,"Dominica",2017
42,"Dominican Republic",2017
130,"Ecuador",2017
651,"Egypt",2017
92,"El Salvador",2017
411,"Equatorial Guinea",2017
531,"Eritrea",2017
366,"Estonia",2017
530,"Ethiopia",2017
950,"Fiji",2017
375,"Finland",2017
220,"France",2017
481,"Gabon",2017
420,"Gambia",2017
372,"Georgia",2017
255,"Germany",2017
452,"Ghana",2017
350,"Greece",2017
55,"Grenada",2017
90,"Guatemala",2017
438,"Guinea",2017
404,"Guinea-Bissau",2017
110,"Guyana",2017
41,"Haiti",2017
91,"Honduras",2017
310,"Hungary",2017
395,"Iceland",2017
750,"India",2017
850,"Indonesia",2017
630,"Iran",2017
645,"Iraq",2017
205,"Ireland",2017
666,"Israel",2017
325,"Italy",2017
51,"Jamaica",2017
740,"Japan",2017
663,"Jordan",2017
705,"Kazakhstan",2017
501,"Kenya",2017
946,"Kiribati",2017
732,"Korea",2017
731,"Korea, Dem. Rep.",2017
690,"Kuwait",2017
703,"Kyrgyz Republic",2017
812,"Laos",2017
367,"Latvia",2017
660,"Lebanon",2017
570,"Lesotho",2017
450,"Liberia",2017
620,"Libya",2017
223,"Liechtenstein",2017
368,"Lithuania",2017
212,"Luxembourg",2017
343,"Macedonia, FYR",2017
580,"Madagascar",2017
553,"Malawi",2017
820,"Malaysia",2017
781,"Maldives",2017
432,"Mali",2017
338,"Malta",2017
983,"Marshall Islands",2017
435,"Mauritania",2017
590,"Mauritius",2017
70,"Mexico",2017
987,"Micronesia, Federated States of",2017
359,"Moldova",2017
221,"Monaco",2017
712,"Mongolia",2017
600,"Morocco",2017
541,"Mozambique",2017
775,"Myanmar",2017
565,"Namibia",2017
790,"Nepal",2017
210,"Netherlands",2017
920,"New Zealand",2017
93,"Nicaragua",2017
436,"Niger",2017
475,"Nigeria",2017
385,"Norway",2017
698,"Oman",2017
770,"Pakistan",2017
986,"Palau",2017
95,"Panama",2017
910,"Papua New Guinea",2017
150,"Paraguay",2017
135,"Peru",2017
840,"Philippines",2017
290,"Poland",2017
235,"Portugal",2017
694,"Qatar",2017
360,"Romania",2017
365,"Russia",2017
517,"Rwanda",2017
990,"Samoa",2017
331,"San Marino",2017
403,"Sao Tome & Principe",2017
670,"Saudi Arabia",2017
433,"Senegal",2017
345,"Serbia",2017
591,"Seychelles",2017
451,"Sierra Leone",2017
830,"Singapore",2017
317,"Slovak Republic",2017
349,"Slovenia",2017
940,"Solomon Islands",2017
520,"Somalia",2017
560,"South Africa",2017
230,"Spain",2017
780,"Sri Lanka",2017
60,"St. Kitts & Nevis",2017
56,"St. Lucia",2017
57,"St.Vincent & Grenadines",2017
625,"Sudan",2017
115,"Suriname",2017
572,"Swaziland",2017
380,"Sweden",2017
225,"Switzerland",2017
652,"Syria",2017
713,"Taiwan",2017
702,"Tajikistan",2017
510,"Tanzania",2017
800,"Thailand",2017
461,"Togo",2017
955,"Tonga",2017
52,"Trinidad & Tobago",2017
616,"Tunisia",2017
640,"Turkey",2017
701,"Turkmenistan",2017
500,"Uganda",2017
369,"Ukraine",2017
696,"United Arab Emirates",2017
200,"United Kingdom",2017
2,"United States",2017
165,"Uruguay",2017
704,"Uzbekistan",2017
935,"Vanuatu",2017
101,"Venezuela",2017
816,"Viet Nam",2017
679,"Yemen",2017
551,"Zambia",2017
552,"Zimbabwe",2017
700,"Afghanistan",2018
339,"Albania",2018
615,"Algeria",2018
232,"Andorra",2018
540,"Angola",2018
58,"Antigua & Barbuda",2018
160,"Argentina",2018
371,"Armenia",2018
900,"Australia",2018
305,"Austria",2018
373,"Azerbaijan",2018
31,"Bahamas",2018
692,"Bahrain",2018
771,"Bangladesh",2018
53,"Barbados",2018
370,"Belarus",2018
211,"Belgium",2018
80,"Belize",2018
434,"Benin",2018
760,"Bhutan",2018
145,"Bolivia",2018
346,"Bosnia-Herzegovina",2018
571,"Botswana",2018
140,"Brazil",2018
835,"Brunei",2018
355,"Bulgaria",2018
439,"Burkina Faso",2018
516,"Burundi",2018
811,"Cambodia",2018
471,"Cameroon",2018
20,"Canada",2018
402,"Cape Verde",2018
482,"Central African Rep.",2018
483,"Chad",2018
155,"Chile",2018
710,"China",2018
100,"Colombia",2018
581,"Comoros",2018
490,"Congo, Dem. Rep.",2018
484,"Congo, Rep.",2018
94,"Costa Rica",2018
437,"Cote D'Ivoire",2018
344,"Croatia",2018
40,"Cuba",2018
352,"Cyprus",2018
316,"Czech Republic",2018
390,"Denmark",2018
522,"Djibouti",2018
54,"Dominica",2018
42,"Dominican Republic",2018
130,"Ecuador",2018
651,"Egypt",2018
92,"El Salvador",2018
411,"Equatorial Guinea",2018
531,"Eritrea",2018
366,"Estonia",2018
530,"Ethiopia",2018
950,"Fiji",2018
375,"Finland",2018
220,"France",2018
481,"Gabon",2018
420,"Gambia",2018
372,"Georgia",2018
255,"Germany",2018
452,"Ghana",2018
350,"Greece",2018
55,"Grenada",2018
90,"Guatemala",2018
438,"Guinea",2018
404,"Guinea-Bissau",2018
110,"Guyana",2018
41,"Haiti",2018
91,"Honduras",2018
310,"Hungary",2018
395,"Iceland",2018
750,"India",2018
850,"Indonesia",2018
630,"Iran",2018
645,"Iraq",2018
205,"Ireland",2018
666,"Israel",2018
325,"Italy",2018
51,"Jamaica",2018
740,"Japan",2018
663,"Jordan",2018
705,"Kazakhstan",2018
501,"Kenya",2018
946,"Kiribati",2018
732,"Korea",2018
731,"Korea, Dem. Rep.",2018
690,"Kuwait",2018
703,"Kyrgyz Republic",2018
812,"Laos",2018
367,"Latvia",2018
660,"Lebanon",2018
570,"Lesotho",2018
450,"Liberia",2018
620,"Libya",2018
223,"Liechtenstein",2018
368,"Lithuania",2018
212,"Luxembourg",2018
343,"Macedonia, FYR",2018
580,"Madagascar",2018
553,"Malawi",2018
820,"Malaysia",2018
781,"Maldives",2018
432,"Mali",2018
338,"Malta",2018
983,"Marshall Islands",2018
435,"Mauritania",2018
590,"Mauritius",2018
70,"Mexico",2018
987,"Micronesia, Federated States of",2018
359,"Moldova",2018
221,"Monaco",2018
712,"Mongolia",2018
600,"Morocco",2018
541,"Mozambique",2018
775,"Myanmar",2018
565,"Namibia",2018
790,"Nepal",2018
210,"Netherlands",2018
920,"New Zealand",2018
93,"Nicaragua",2018
436,"Niger",2018
475,"Nigeria",2018
385,"Norway",2018
698,"Oman",2018
770,"Pakistan",2018
986,"Palau",2018
95,"Panama",2018
910,"Papua New Guinea",2018
150,"Paraguay",2018
135,"Peru",2018
840,"Philippines",2018
290,"Poland",2018
235,"Portugal",2018
694,"Qatar",2018
360,"Romania",2018
365,"Russia",2018
517,"Rwanda",2018
990,"Samoa",2018
331,"San Marino",2018
403,"Sao Tome & Principe",2018
670,"Saudi Arabia",2018
433,"Senegal",2018
345,"Serbia",2018
591,"Seychelles",2018
451,"Sierra Leone",2018
830,"Singapore",2018
317,"Slovak Republic",2018
349,"Slovenia",2018
940,"Solomon Islands",2018
520,"Somalia",2018
560,"South Africa",2018
230,"Spain",2018
780,"Sri Lanka",2018
60,"St. Kitts & Nevis",2018
56,"St. Lucia",2018
57,"St.Vincent & Grenadines",2018
625,"Sudan",2018
115,"Suriname",2018
572,"Swaziland",2018
380,"Sweden",2018
225,"Switzerland",2018
652,"Syria",2018
713,"Taiwan",2018
702,"Tajikistan",2018
510,"Tanzania",2018
800,"Thailand",2018
461,"Togo",2018
955,"Tonga",2018
52,"Trinidad & Tobago",2018
616,"Tunisia",2018
640,"Turkey",2018
701,"Turkmenistan",2018
500,"Uganda",2018
369,"Ukraine",2018
696,"United Arab Emirates",2018
200,"United Kingdom",2018
2,"United States",2018
165,"Uruguay",2018
704,"Uzbekistan",2018
935,"Vanuatu",2018
101,"Venezuela",2018
816,"Viet Nam",2018
679,"Yemen",2018
551,"Zambia",2018
552,"Zimbabwe",2018
700,"Afghanistan",2019
339,"Albania",2019
615,"Algeria",2019
232,"Andorra",2019
540,"Angola",2019
58,"Antigua & Barbuda",2019
160,"Argentina",2019
371,"Armenia",2019
900,"Australia",2019
305,"Austria",2019
373,"Azerbaijan",2019
31,"Bahamas",2019
692,"Bahrain",2019
771,"Bangladesh",2019
53,"Barbados",2019
370,"Belarus",2019
211,"Belgium",2019
80,"Belize",2019
434,"Benin",2019
760,"Bhutan",2019
145,"Bolivia",2019
346,"Bosnia-Herzegovina",2019
571,"Botswana",2019
140,"Brazil",2019
835,"Brunei",2019
355,"Bulgaria",2019
439,"Burkina Faso",2019
516,"Burundi",2019
811,"Cambodia",2019
471,"Cameroon",2019
20,"Canada",2019
402,"Cape Verde",2019
482,"Central African Rep.",2019
483,"Chad",2019
155,"Chile",2019
710,"China",2019
100,"Colombia",2019
581,"Comoros",2019
490,"Congo, Dem. Rep.",2019
484,"Congo, Rep.",2019
94,"Costa Rica",2019
437,"Cote D'Ivoire",2019
344,"Croatia",2019
40,"Cuba",2019
352,"Cyprus",2019
316,"Czech Republic",2019
390,"Denmark",2019
522,"Djibouti",2019
54,"Dominica",2019
42,"Dominican Republic",2019
130,"Ecuador",2019
651,"Egypt",2019
92,"El Salvador",2019
411,"Equatorial Guinea",2019
531,"Eritrea",2019
366,"Estonia",2019
530,"Ethiopia",2019
950,"Fiji",2019
375,"Finland",2019
220,"France",2019
481,"Gabon",2019
420,"Gambia",2019
372,"Georgia",2019
255,"Germany",2019
452,"Ghana",2019
350,"Greece",2019
55,"Grenada",2019
90,"Guatemala",2019
438,"Guinea",2019
404,"Guinea-Bissau",2019
110,"Guyana",2019
41,"Haiti",2019
91,"Honduras",2019
310,"Hungary",2019
395,"Iceland",2019
750,"India",2019
850,"Indonesia",2019
630,"Iran",2019
645,"Iraq",2019
205,"Ireland",2019
666,"Israel",2019
325,"Italy",2019
51,"Jamaica",2019
740,"Japan",2019
663,"Jordan",2019
705,"Kazakhstan",2019
501,"Kenya",2019
946,"Kiribati",2019
732,"Korea",2019
731,"Korea, Dem. Rep.",2019
690,"Kuwait",2019
703,"Kyrgyz Republic",2019
812,"Laos",2019
367,"Latvia",2019
660,"Lebanon",2019
570,"Lesotho",2019
450,"Liberia",2019
620,"Libya",2019
223,"Liechtenstein",2019
368,"Lithuania",2019
212,"Luxembourg",2019
343,"Macedonia, FYR",2019
580,"Madagascar",2019
553,"Malawi",2019
820,"Malaysia",2019
781,"Maldives",2019
432,"Mali",2019
338,"Malta",2019
983,"Marshall Islands",2019
435,"Mauritania",2019
590,"Mauritius",2019
70,"Mexico",2019
987,"Micronesia, Federated States of",2019
359,"Moldova",2019
221,"Monaco",2019
712,"Mongolia",2019
600,"Morocco",2019
541,"Mozambique",2019
775,"Myanmar",2019
565,"Namibia",2019
790,"Nepal",2019
210,"Netherlands",2019
920,"New Zealand",2019
93,"Nicaragua",2019
436,"Niger",2019
475,"Nigeria",2019
385,"Norway",2019
698,"Oman",2019
770,"Pakistan",2019
986,"Palau",2019
95,"Panama",2019
910,"Papua New Guinea",2019
150,"Paraguay",2019
135,"Peru",2019
840,"Philippines",2019
290,"Poland",2019
235,"Portugal",2019
694,"Qatar",2019
360,"Romania",2019
365,"Russia",2019
517,"Rwanda",2019
990,"Samoa",2019
331,"San Marino",2019
403,"Sao Tome & Principe",2019
670,"Saudi Arabia",2019
433,"Senegal",2019
345,"Serbia",2019
591,"Seychelles",2019
451,"Sierra Leone",2019
830,"Singapore",2019
317,"Slovak Republic",2019
349,"Slovenia",2019
940,"Solomon Islands",2019
520,"Somalia",2019
560,"South Africa",2019
230,"Spain",2019
780,"Sri Lanka",2019
60,"St. Kitts & Nevis",2019
56,"St. Lucia",2019
57,"St.Vincent & Grenadines",2019
625,"Sudan",2019
115,"Suriname",2019
572,"Swaziland",2019
380,"Sweden",2019
225,"Switzerland",2019
652,"Syria",2019
713,"Taiwan",2019
702,"Tajikistan",2019
510,"Tanzania",2019
800,"Thailand",2019
461,"Togo",2019
955,"Tonga",2019
52,"Trinidad & Tobago",2019
616,"Tunisia",2019
640,"Turkey",2019
701,"Turkmenistan",2019
500,"Uganda",2019
369,"Ukraine",2019
696,"United Arab Emirates",2019
200,"United Kingdom",2019
2,"United States",2019
165,"Uruguay",2019
704,"Uzbekistan",2019
935,"Vanuatu",2019
101,"Venezuela",2019
816,"Viet Nam",2019
679,"Yemen",2019
551,"Zambia",2019
552,"Zimbabwe",2019
700,"Afghanistan",2020
339,"Albania",2020
615,"Algeria",2020
232,"Andorra",2020
540,"Angola",2020
58,"Antigua & Barbuda",2020
160,"Argentina",2020
371,"Armenia",2020
900,"Australia",2020
305,"Austria",2020
373,"Azerbaijan",2020
31,"Bahamas",2020
692,"Bahrain",2020
771,"Bangladesh",2020
53,"Barbados",2020
370,"Belarus",2020
211,"Belgium",2020
80,"Belize",2020
434,"Benin",2020
760,"Bhutan",2020
145,"Bolivia",2020
346,"Bosnia-Herzegovina",2020
571,"Botswana",2020
140,"Brazil",2020
835,"Brunei",2020
355,"Bulgaria",2020
439,"Burkina Faso",2020
516,"Burundi",2020
811,"Cambodia",2020
471,"Cameroon",2020
20,"Canada",2020
402,"Cape Verde",2020
482,"Central African Rep.",2020
483,"Chad",2020
155,"Chile",2020
710,"China",2020
100,"Colombia",2020
581,"Comoros",2020
490,"Congo, Dem. Rep.",2020
484,"Congo, Rep.",2020
94,"Costa Rica",2020
437,"Cote D'Ivoire",2020
344,"Croatia",2020
40,"Cuba",2020
352,"Cyprus",2020
316,"Czech Republic",2020
390,"Denmark",2020
522,"Djibouti",2020
54,"Dominica",2020
42,"Dominican Republic",2020
130,"Ecuador",2020
651,"Egypt",2020
92,"El Salvador",2020
411,"Equatorial Guinea",2020
531,"Eritrea",2020
366,"Estonia",2020
530,"Ethiopia",2020
950,"Fiji",2020
375,"Finland",2020
220,"France",2020
481,"Gabon",2020
420,"Gambia",2020
372,"Georgia",2020
255,"Germany",2020
452,"Ghana",2020
350,"Greece",2020
55,"Grenada",2020
90,"Guatemala",2020
438,"Guinea",2020
404,"Guinea-Bissau",2020
110,"Guyana",2020
41,"Haiti",2020
91,"Honduras",2020
310,"Hungary",2020
395,"Iceland",2020
750,"India",2020
850,"Indonesia",2020
630,"Iran",2020
645,"Iraq",2020
205,"Ireland",2020
666,"Israel",2020
325,"Italy",2020
51,"Jamaica",2020
740,"Japan",2020
663,"Jordan",2020
705,"Kazakhstan",2020
501,"Kenya",2020
946,"Kiribati",2020
732,"Korea",2020
731,"Korea, Dem. Rep.",2020
690,"Kuwait",2020
703,"Kyrgyz Republic",2020
812,"Laos",2020
367,"Latvia",2020
660,"Lebanon",2020
570,"Lesotho",2020
450,"Liberia",2020
620,"Libya",2020
223,"Liechtenstein",2020
368,"Lithuania",2020
212,"Luxembourg",2020
343,"Macedonia, FYR",2020
580,"Madagascar",2020
553,"Malawi",2020
820,"Malaysia",2020
781,"Maldives",2020
432,"Mali",2020
338,"Malta",2020
983,"Marshall Islands",2020
435,"Mauritania",2020
590,"Mauritius",2020
70,"Mexico",2020
987,"Micronesia, Federated States of",2020
359,"Moldova",2020
221,"Monaco",2020
712,"Mongolia",2020
600,"Morocco",2020
541,"Mozambique",2020
775,"Myanmar",2020
565,"Namibia",2020
790,"Nepal",2020
210,"Netherlands",2020
920,"New Zealand",2020
93,"Nicaragua",2020
436,"Niger",2020
475,"Nigeria",2020
385,"Norway",2020
698,"Oman",2020
770,"Pakistan",2020
986,"Palau",2020
95,"Panama",2020
910,"Papua New Guinea",2020
150,"Paraguay",2020
135,"Peru",2020
840,"Philippines",2020
290,"Poland",2020
235,"Portugal",2020
694,"Qatar",2020
360,"Romania",2020
365,"Russia",2020
517,"Rwanda",2020
990,"Samoa",2020
331,"San Marino",2020
403,"Sao Tome & Principe",2020
670,"Saudi Arabia",2020
433,"Senegal",2020
345,"Serbia",2020
591,"Seychelles",2020
451,"Sierra Leone",2020
830,"Singapore",2020
317,"Slovak Republic",2020
349,"Slovenia",2020
940,"Solomon Islands",2020
520,"Somalia",2020
560,"South Africa",2020
230,"Spain",2020
780,"Sri Lanka",2020
60,"St. Kitts & Nevis",2020
56,"St. Lucia",2020
57,"St.Vincent & Grenadines",2020
625,"Sudan",2020
115,"Suriname",2020
572,"Swaziland",2020
380,"Sweden",2020
225,"Switzerland",2020
652,"Syria",2020
713,"Taiwan",2020
702,"Tajikistan",2020
510,"Tanzania",2020
800,"Thailand",2020
461,"Togo",2020
955,"Tonga",2020
52,"Trinidad & Tobago",2020
616,"Tunisia",2020
640,"Turkey",2020
701,"Turkmenistan",2020
500,"Uganda",2020
369,"Ukraine",2020
696,"United Arab Emirates",2020
200,"United Kingdom",2020
2,"United States",2020
165,"Uruguay",2020
704,"Uzbekistan",2020
935,"Vanuatu",2020
101,"Venezuela",2020
816,"Viet Nam",2020
679,"Yemen",2020
551,"Zambia",2020
552,"Zimbabwe",2020
700,"Afghanistan",2021
339,"Albania",2021
615,"Algeria",2021
232,"Andorra",2021
540,"Angola",2021
58,"Antigua & Barbuda",2021
160,"Argentina",2021
371,"Armenia",2021
900,"Australia",2021
305,"Austria",2021
373,"Azerbaijan",2021
31,"Bahamas",2021
692,"Bahrain",2021
771,"Bangladesh",2021
53,"Barbados",2021
370,"Belarus",2021
211,"Belgium",2021
80,"Belize",2021
434,"Benin",2021
760,"Bhutan",2021
145,"Bolivia",2021
346,"Bosnia-Herzegovina",2021
571,"Botswana",2021
140,"Brazil",2021
835,"Brunei",2021
355,"Bulgaria",2021
439,"Burkina Faso",2021
516,"Burundi",2021
811,"Cambodia",2021
471,"Cameroon",2021
20,"Canada",2021
402,"Cape Verde",2021
482,"Central African Rep.",2021
483,"Chad",2021
155,"Chile",2021
710,"China",2021
100,"Colombia",2021
581,"Comoros",2021
490,"Congo, Dem. Rep.",2021
484,"Congo, Rep.",2021
94,"Costa Rica",2021
437,"Cote D'Ivoire",2021
344,"Croatia",2021
40,"Cuba",2021
352,"Cyprus",2021
316,"Czech Republic",2021
390,"Denmark",2021
522,"Djibouti",2021
54,"Dominica",2021
42,"Dominican Republic",2021
130,"Ecuador",2021
651,"Egypt",2021
92,"El Salvador",2021
411,"Equatorial Guinea",2021
531,"Eritrea",2021
366,"Estonia",2021
530,"Ethiopia",2021
950,"Fiji",2021
375,"Finland",2021
220,"France",2021
481,"Gabon",2021
420,"Gambia",2021
372,"Georgia",2021
255,"Germany",2021
452,"Ghana",2021
350,"Greece",2021
55,"Grenada",2021
90,"Guatemala",2021
438,"Guinea",2021
404,"Guinea-Bissau",2021
110,"Guyana",2021
41,"Haiti",2021
91,"Honduras",2021
310,"Hungary",2021
395,"Iceland",2021
750,"India",2021
850,"Indonesia",2021
630,"Iran",2021
645,"Iraq",2021
205,"Ireland",2021
666,"Israel",2021
325,"Italy",2021
51,"Jamaica",2021
740,"Japan",2021
663,"Jordan",2021
705,"Kazakhstan",2021
501,"Kenya",2021
946,"Kiribati",2021
732,"Korea",2021
731,"Korea, Dem. Rep.",2021
690,"Kuwait",2021
703,"Kyrgyz Republic",2021
812,"Laos",2021
367,"Latvia",2021
660,"Lebanon",2021
570,"Lesotho",2021
450,"Liberia",2021
620,"Libya",2021
223,"Liechtenstein",2021
368,"Lithuania",2021
212,"Luxembourg",2021
343,"Macedonia, FYR",2021
580,"Madagascar",2021
553,"Malawi",2021
820,"Malaysia",2021
781,"Maldives",2021
432,"Mali",2021
338,"Malta",2021
983,"Marshall Islands",2021
435,"Mauritania",2021
590,"Mauritius",2021
70,"Mexico",2021
987,"Micronesia, Federated States of",2021
359,"Moldova",2021
221,"Monaco",2021
712,"Mongolia",2021
600,"Morocco",2021
541,"Mozambique",2021
775,"Myanmar",2021
565,"Namibia",2021
790,"Nepal",2021
210,"Netherlands",2021
920,"New Zealand",2021
93,"Nicaragua",2021
436,"Niger",2021
475,"Nigeria",2021
385,"Norway",2021
698,"Oman",2021
770,"Pakistan",2021
986,"Palau",2021
95,"Panama",2021
910,"Papua New Guinea",2021
150,"Paraguay",2021
135,"Peru",2021
840,"Philippines",2021
290,"Poland",2021
235,"Portugal",2021
694,"Qatar",2021
360,"Romania",2021
365,"Russia",2021
517,"Rwanda",2021
990,"Samoa",2021
331,"San Marino",2021
403,"Sao Tome & Principe",2021
670,"Saudi Arabia",2021
433,"Senegal",2021
345,"Serbia",2021
591,"Seychelles",2021
451,"Sierra Leone",2021
830,"Singapore",2021
317,"Slovak Republic",2021
349,"Slovenia",2021
940,"Solomon Islands",2021
520,"Somalia",2021
560,"South Africa",2021
230,"Spain",2021
780,"Sri Lanka",2021
60,"St. Kitts & Nevis",2021
56,"St. Lucia",2021
57,"St.Vincent & Grenadines",2021
625,"Sudan",2021
115,"Suriname",2021
572,"Swaziland",2021
380,"Sweden",2021
225,"Switzerland",2021
652,"Syria",2021
713,"Taiwan",2021
702,"Tajikistan",2021
510,"Tanzania",2021
800,"Thailand",2021
461,"Togo",2021
955,"Tonga",2021
52,"Trinidad & Tobago",2021
616,"Tunisia",2021
640,"Turkey",2021
701,"Turkmenistan",2021
500,"Uganda",2021
369,"Ukraine",2021
696,"United Arab Emirates",2021
200,"United Kingdom",2021
2,"United States",2021
165,"Uruguay",2021
704,"Uzbekistan",2021
935,"Vanuatu",2021
101,"Venezuela",2021
816,"Viet Nam",2021
679,"Yemen",2021
551,"Zambia",2021
552,"Zimbabwe",2021
